BMSA2312280001	1	2023-12-28 07:34:06.000	0	0	1		81000		U1812231623230	NULL	1	NULL	101000	20000	NULL	NULL	0
BMSA2312280002	1	2023-12-28 07:35:06.000	0	0	1		21000		U1812231623230	NULL	1	NULL	21000	0	NULL	NULL	0
BMSA2312280003	1	2023-12-28 07:39:51.000	0	0	1		17500		U1812231623230	NULL	1	NULL	50000	32500	NULL	NULL	0
BMSA2312280004	1	2023-12-28 07:43:23.000	0	0	1		53000		U1812231623230	NULL	1	NULL	55000	2000	NULL	NULL	0
BMSA2312280006	1	2023-12-28 07:55:14.000	0	0	1		400600	qr 	U1812231623230	NULL	1	NULL	400600	0	NULL	NULL	0
BMSA2312280007	1	2023-12-28 07:56:10.000	0	0	1		66000		U1812231623230	NULL	1	NULL	66000	0	NULL	NULL	0
BMSA2312280047	1	2023-12-28 08:50:14.000	0	0	1		33400		U1912130739130	NULL	1	NULL	34000	600	NULL	NULL	0
BMSA2312280054	1	2023-12-28 09:09:11.000	0	0	1		8500		U1912130739130	NULL	1	NULL	50500	42000	NULL	NULL	0
BMSB2312280005	1	2023-12-28 07:56:14.000	0	0	1		102300		U1801011347010	NULL	1	NULL	105000	2700	NULL	NULL	0
BMSB2312280008	1	2023-12-28 07:57:34.000	0	0	1		24900		U1801011347010	NULL	1	NULL	25000	100	NULL	NULL	0
BMSB2312280009	1	2023-12-28 07:59:13.000	0	0	1		50200		U1801011347010	NULL	1	NULL	100200	50000	NULL	NULL	0
BMSB2312280010	1	2023-12-28 08:00:24.000	0	0	1		14800		U1801011347010	NULL	1	NULL	15000	200	NULL	NULL	0
BMSB2312280011	1	2023-12-28 08:02:32.000	0	0	1		10500		U1801011347010	NULL	1	NULL	11000	500	NULL	NULL	0
BMSB2312280012	1	2023-12-28 08:06:27.000	0	0	1		18500		U1801011347010	NULL	1	NULL	20000	1500	NULL	NULL	0
BMSB2312280013	1	2023-12-28 08:07:08.000	0	0	1		8900		U1801011347010	NULL	1	NULL	100000	91100	NULL	NULL	0
BMSB2312280014	1	2023-12-28 08:09:58.000	0	0	1		20900		U1801011347010	NULL	1	NULL	25000	4100	NULL	NULL	0
BMSB2312280015	1	2023-12-28 08:10:41.000	0	0	1		16500		U1801011347010	NULL	1	NULL	20000	3500	NULL	NULL	0
BMSB2312280016	1	2023-12-28 08:11:09.000	0	0	1		10000		U1801011347010	NULL	1	NULL	10000	0	NULL	NULL	0
BMSB2312280017	1	2023-12-28 08:12:21.000	0	0	1		32000		U1801011347010	NULL	1	NULL	100000	68000	NULL	NULL	0
BMSB2312280018	1	2023-12-28 08:12:57.000	0	0	1		41500		U1801011347010	NULL	1	NULL	50000	8500	NULL	NULL	0
BMSB2312280019	1	2023-12-28 08:13:40.000	0	0	1		11900		U1801011347010	NULL	1	NULL	50000	38100	NULL	NULL	0
BMSB2312280020	1	2023-12-28 08:15:14.000	0	0	1		96300		U1801011347010	NULL	1	NULL	100000	3700	NULL	NULL	0
BMSB2312280021	1	2023-12-28 08:17:32.000	0	0	1		199200		U1801011347010	NULL	1	NULL	200000	800	NULL	NULL	0
BMSB2312280022	1	2023-12-28 08:17:58.000	0	0	1		15000		U1801011347010	NULL	1	NULL	20000	5000	NULL	NULL	0
BMSB2312280023	1	2023-12-28 08:18:22.000	0	0	1		20000		U1801011347010	NULL	1	NULL	20000	0	NULL	NULL	0
BMSB2312280024	1	2023-12-28 08:20:29.000	0	0	1		109900		U1801011347010	NULL	1	NULL	150000	40100	NULL	NULL	0
BMSB2312280025	1	2023-12-28 08:21:30.000	0	0	1		45000		U1801011347010	NULL	1	NULL	55000	10000	NULL	NULL	0
BMSB2312280026	1	2023-12-28 08:22:10.000	0	0	1		23500		U1801011347010	NULL	1	NULL	50000	26500	NULL	NULL	0
BMSB2312280027	1	2023-12-28 08:23:01.000	0	0	1		23900		U1801011347010	NULL	1	NULL	50000	26100	NULL	NULL	0
BMSB2312280028	1	2023-12-28 08:24:31.000	0	0	1		75800		U1801011347010	NULL	1	NULL	100000	24200	NULL	NULL	0
BMSB2312280029	1	2023-12-28 08:25:10.000	0	0	1		20000		U1801011347010	NULL	1	NULL	20000	0	NULL	NULL	0
BMSB2312280030	1	2023-12-28 08:28:02.000	0	0	1		44800		U1801011347010	NULL	1	NULL	50000	5200	NULL	NULL	0
BMSB2312280031	1	2023-12-28 08:30:16.000	0	0	1		125500		U1801011347010	NULL	1	NULL	125500	0	NULL	NULL	0
BMSB2312280032	1	2023-12-28 08:31:18.000	0	0	1		6400		U1801011347010	NULL	1	NULL	10000	3600	NULL	NULL	0
BMSB2312280033	1	2023-12-28 08:32:31.000	0	0	1		9900		U1801011347010	NULL	1	NULL	20000	10100	NULL	NULL	0
BMSB2312280034	1	2023-12-28 08:34:20.000	0	0	1		3000		U1801011347010	NULL	1	NULL	3000	0	NULL	NULL	0
BMSB2312280035	1	2023-12-28 08:34:50.000	0	0	1		11000		U1801011347010	NULL	1	NULL	11000	0	NULL	NULL	0
BMSB2312280036	1	2023-12-28 08:39:56.000	0	0	1		20500		U1801011347010	NULL	1	NULL	21000	500	NULL	NULL	0
BMSB2312280037	1	2023-12-28 08:42:26.000	0	0	1		12000		U1801011347010	NULL	1	NULL	12000	0	NULL	NULL	0
BMSB2312280038	1	2023-12-28 08:43:27.000	0	0	1		36300		U1801011347010	NULL	1	NULL	37000	700	NULL	NULL	0
BMSB2312280039	1	2023-12-28 08:44:21.000	0	0	1		23400		U1801011347010	NULL	1	NULL	100400	77000	NULL	NULL	0
BMSB2312280040	1	2023-12-28 08:45:00.000	0	0	1		31400		U1801011347010	NULL	1	NULL	50000	18600	NULL	NULL	0
BMSB2312280041	1	2023-12-28 08:45:38.000	0	0	1		15900		U1801011347010	NULL	1	NULL	20000	4100	NULL	NULL	0
BMSB2312280042	1	2023-12-28 08:46:39.000	0	0	1		17500		U1801011347010	NULL	1	NULL	50500	33000	NULL	NULL	0
BMSB2312280043	1	2023-12-28 08:49:05.000	0	0	1		167000	QR	U1801011347010	NULL	1	NULL	167000	0	NULL	NULL	0
BMSB2312280044	1	2023-12-28 08:50:06.000	0	0	1		32200		U1801011347010	NULL	1	NULL	32200	0	NULL	NULL	0
BMSB2312280045	1	2023-12-28 08:50:51.000	0	0	1		20000		U1801011347010	NULL	1	NULL	20000	0	NULL	NULL	0
BMSB2312280046	1	2023-12-28 08:51:26.000	0	0	1		14700		U1801011347010	NULL	1	NULL	20000	5300	NULL	NULL	0
BMSB2312280048	1	2023-12-28 08:59:23.000	0	0	1		13000		U1801011347010	NULL	1	NULL	15000	2000	NULL	NULL	0
BMSB2312280049	1	2023-12-28 09:03:33.000	0	0	1		260700		U1801011347010	NULL	1	NULL	261000	300	NULL	NULL	0
BMSB2312280050	1	2023-12-28 09:05:59.000	0	0	1		110300		U1801011347010	NULL	1	NULL	120000	9700	NULL	NULL	0
BMSB2312280051	1	2023-12-28 09:06:25.000	0	0	1		28000		U1801011347010	NULL	1	NULL	50000	22000	NULL	NULL	0
BMSB2312280052	1	2023-12-28 09:08:46.000	0	0	1		47000		U1801011347010	NULL	1	NULL	100000	53000	NULL	NULL	0
BMSB2312280053	1	2023-12-28 09:10:01.000	0	0	1		106500	QR	U1801011347010	NULL	1	NULL	106500	0	NULL	NULL	0
BMSB2312280054	1	2023-12-28 09:10:36.000	0	0	1		12000		U1801011347010	NULL	1	NULL	12000	0	NULL	NULL	0
BMSB2312280056	1	2023-12-28 09:11:08.000	0	0	1		32500		U1801011347010	NULL	1	NULL	35000	2500	NULL	NULL	0
BMSB2312280057	1	2023-12-28 09:13:20.000	0	0	1		32000		U1801011347010	NULL	1	NULL	40000	8000	NULL	NULL	0
BMSB2312280058	1	2023-12-28 09:55:17.000	0	0	1		9400		U1801011347010	NULL	1	NULL	50000	40600	NULL	NULL	0
BMSB2312280059	1	2023-12-28 09:55:52.000	0	0	1		2000		U1801011347010	NULL	1	NULL	2000	0	NULL	NULL	0
BMSB2312280060	1	2023-12-28 09:56:47.000	0	0	1		5500		U1801011347010	NULL	1	NULL	20500	15000	NULL	NULL	0
BMSB2312280061	1	2023-12-28 09:57:16.000	0	0	1		15000		U1801011347010	NULL	1	NULL	15000	0	NULL	NULL	0
BMSB2312280062	1	2023-12-28 10:02:35.000	0	0	1		15000		U1801011347010	NULL	1	NULL	15000	0	NULL	NULL	0
BMSB2312280063	1	2023-12-28 10:04:39.000	0	0	1		43500		U1801011347010	NULL	1	NULL	44000	500	NULL	NULL	0
BMSB2312280064	1	2023-12-28 10:07:25.000	0	0	1		205900		U1801011347010	NULL	1	NULL	207000	1100	NULL	NULL	0
BMSB2312280065	1	2023-12-28 10:14:57.000	0	0	1		8900		U1801011347010	NULL	1	NULL	10000	1100	NULL	NULL	0
BMSB2312280066	1	2023-12-28 10:16:40.000	0	0	1		91300		U1801011347010	NULL	1	NULL	100000	8700	NULL	NULL	0
BMSB2312280067	1	2023-12-28 10:17:45.000	0	0	1		16500		U1801011347010	NULL	1	NULL	50000	33500	NULL	NULL	0
BMSB2312280068	1	2023-12-28 10:18:21.000	0	0	1		52400		U1801011347010	NULL	1	NULL	60000	7600	NULL	NULL	0
BMSB2312280069	1	2023-12-28 10:20:04.000	0	0	1		17900		U1801011347010	NULL	1	NULL	20000	2100	NULL	NULL	0
BMSB2312280070	1	2023-12-28 10:21:21.000	0	0	1		4000		U1801011347010	NULL	1	NULL	4000	0	NULL	NULL	0
BMSB2312280071	1	2023-12-28 10:22:36.000	0	0	1		43900		U1801011347010	NULL	1	NULL	100000	56100	NULL	NULL	0
BMSB2312280072	1	2023-12-28 10:23:35.000	0	0	1		10000		U1801011347010	NULL	1	NULL	10000	0	NULL	NULL	0
BMSB2312280073	1	2023-12-28 10:24:19.000	0	0	1		5000		U1801011347010	NULL	1	NULL	5000	0	NULL	NULL	0
BMSB2312280074	1	2023-12-28 10:25:13.000	0	0	1		25000		U1801011347010	NULL	1	NULL	25000	0	NULL	NULL	0
BMSB2312280075	1	2023-12-28 10:25:51.000	0	0	1		32000		U1801011347010	NULL	1	NULL	100000	68000	NULL	NULL	0
BMSB2312280076	1	2023-12-28 10:27:27.000	0	0	1		75500		U1801011347010	NULL	1	NULL	100000	24500	NULL	NULL	0
BMSB2312280077	1	2023-12-28 10:27:43.000	0	0	1		9500		U1801011347010	NULL	1	NULL	20000	10500	NULL	NULL	0
BMSB2312280078	1	2023-12-28 10:29:10.000	0	0	1		26400		U1801011347010	NULL	1	NULL	27000	600	NULL	NULL	0
BMSB2312280079	1	2023-12-28 10:30:52.000	0	0	1		34400		U1801011347010	NULL	1	NULL	105000	70600	NULL	NULL	0
BMSB2312280080	1	2023-12-28 10:31:19.000	0	0	1		5000		U1801011347010	NULL	1	NULL	5000	0	NULL	NULL	0
BMSB2312280081	1	2023-12-28 10:32:55.000	0	0	1		12900		U1801011347010	NULL	1	NULL	15000	2100	NULL	NULL	0
BMSB2312280082	1	2023-12-28 10:33:44.000	0	0	1		77500		U1801011347010	NULL	1	NULL	100000	22500	NULL	NULL	0
BMSB2312280083	1	2023-12-28 10:34:11.000	0	0	1		17500		U1801011347010	NULL	1	NULL	20000	2500	NULL	NULL	0
BMSB2312280084	1	2023-12-28 10:36:09.000	0	0	1		49200		U1801011347010	NULL	1	NULL	50000	800	NULL	NULL	0
BMSB2312280085	1	2023-12-28 10:37:58.000	0	0	1		70700		U1801011347010	NULL	1	NULL	100700	30000	NULL	NULL	0
BMSB2312280086	1	2023-12-28 10:38:47.000	0	0	1		27000		U1801011347010	NULL	1	NULL	30000	3000	NULL	NULL	0
BMSB2312280087	1	2023-12-28 10:40:02.000	0	0	1		21000		U1801011347010	NULL	1	NULL	21000	0	NULL	NULL	0
BMSB2312280088	1	2023-12-28 10:42:53.000	0	0	1		174600		U1801011347010	NULL	1	NULL	200000	25400	NULL	NULL	0
BMSB2312280089	1	2023-12-28 10:45:39.000	0	0	1		7800		U1801011347010	NULL	1	NULL	20000	12200	NULL	NULL	0
BMSB2312280090	1	2023-12-28 10:46:48.000	0	0	1		27000		U1801011347010	NULL	1	NULL	50000	23000	NULL	NULL	0
BMSB2312280091	1	2023-12-28 10:49:47.000	0	0	1		27000		U1801011347010	NULL	1	NULL	50000	23000	NULL	NULL	0
BMSB2312280092	1	2023-12-28 10:53:40.000	0	0	1		60200		U1801011347010	NULL	1	NULL	100000	39800	NULL	NULL	0
BMSB2312280093	1	2023-12-28 10:54:11.000	0	0	1		97000		U1801011347010	NULL	1	NULL	100000	3000	NULL	NULL	0
BMSB2312280094	1	2023-12-28 10:57:38.000	0	0	1		30500		U1801011347010	NULL	1	NULL	31000	500	NULL	NULL	0
BMSB2312280095	1	2023-12-28 11:02:13.000	0	0	1		11400		U1801011347010	NULL	1	NULL	20000	8600	NULL	NULL	0
BMSB2312280096	1	2023-12-28 11:03:37.000	0	0	1		31400		U1801011347010	NULL	1	NULL	50000	18600	NULL	NULL	0
BMSB2312280097	1	2023-12-28 11:05:12.000	0	0	1		84500		U1801011347010	NULL	1	NULL	85000	500	NULL	NULL	0
BMSB2312280098	1	2023-12-28 11:07:05.000	0	0	1		50500		U1801011347010	NULL	1	NULL	52000	1500	NULL	NULL	0
BMSB2312280099	1	2023-12-28 11:07:33.000	0	0	1		17500		U1801011347010	NULL	1	NULL	20000	2500	NULL	NULL	0
BMSB2312280100	1	2023-12-28 11:08:17.000	0	0	1		23500		U1801011347010	NULL	1	NULL	25000	1500	NULL	NULL	0
BMSB2312280101	1	2023-12-28 11:10:18.000	0	0	1		17200		U1801011347010	NULL	1	NULL	17500	300	NULL	NULL	0
BMSB2312280102	1	2023-12-28 11:11:55.000	0	0	1		104700		U1801011347010	NULL	1	NULL	105000	300	NULL	NULL	0
BMSB2312280103	1	2023-12-28 11:12:52.000	0	0	1		9500		U1801011347010	NULL	1	NULL	50000	40500	NULL	NULL	0
BMSB2312280104	1	2023-12-28 11:13:42.000	0	0	1		31400		U1801011347010	NULL	1	NULL	50000	18600	NULL	NULL	0
BMSB2312280105	1	2023-12-28 11:18:25.000	0	0	1		175700		U1801011347010	NULL	1	NULL	200000	24300	NULL	NULL	0
BMSB2312280106	1	2023-12-28 11:19:36.000	0	0	1		2900		U1801011347010	NULL	1	NULL	3000	100	NULL	NULL	0
BMSB2312280107	1	2023-12-28 11:19:56.000	0	0	1		100		U1801011347010	NULL	1	NULL	100	0	NULL	NULL	0
BMSB2312280108	1	2023-12-28 11:20:25.000	0	0	1		45400		U1801011347010	NULL	1	NULL	50000	4600	NULL	NULL	0
BMSB2312280109	1	2023-12-28 11:20:49.000	0	0	1		24500		U1801011347010	NULL	1	NULL	100000	75500	NULL	NULL	0
BMSB2312280110	1	2023-12-28 11:21:55.000	0	0	1		93400		U1801011347010	NULL	1	NULL	100000	6600	NULL	NULL	0
BMSB2312280111	1	2023-12-28 11:22:24.000	0	0	1		6000		U1801011347010	NULL	1	NULL	10000	4000	NULL	NULL	0
BMSB2312280112	1	2023-12-28 11:23:06.000	0	0	1		30000		U1801011347010	NULL	1	NULL	100000	70000	NULL	NULL	0
BMSB2312280113	1	2023-12-28 11:24:17.000	0	0	1		10500		U1801011347010	NULL	1	NULL	50000	39500	NULL	NULL	0
BMSB2312280114	1	2023-12-28 11:25:13.000	0	0	1		37400		U1801011347010	NULL	1	NULL	50000	12600	NULL	NULL	0
BMSB2312280115	1	2023-12-28 11:26:02.000	0	0	1		46500		U1801011347010	NULL	1	NULL	50000	3500	NULL	NULL	0
BMSB2312280116	1	2023-12-28 11:26:58.000	0	0	1		6900		U1801011347010	NULL	1	NULL	10000	3100	NULL	NULL	0
BMSB2312280117	1	2023-12-28 11:27:26.000	0	0	1		10000		U1801011347010	NULL	1	NULL	10000	0	NULL	NULL	0
BMSB2312280118	1	2023-12-28 11:28:26.000	0	0	1		23800		U1801011347010	NULL	1	NULL	50000	26200	NULL	NULL	0
BMSB2312280119	1	2023-12-28 11:30:16.000	0	0	1		6000		U1801011347010	NULL	1	NULL	20000	14000	NULL	NULL	0
BMSB2312280120	1	2023-12-28 11:32:00.000	0	0	1		116300		U1801011347010	NULL	1	NULL	120000	3700	NULL	NULL	0
BMSB2312280121	1	2023-12-28 11:32:26.000	0	0	1		41500		U1801011347010	NULL	1	NULL	50000	8500	NULL	NULL	0
BMSB2312280122	1	2023-12-28 11:32:50.000	0	0	1		5900		U1801011347010	NULL	1	NULL	10000	4100	NULL	NULL	0
BMSB2312280123	1	2023-12-28 11:36:27.000	0	0	1		73100		U1801011347010	NULL	1	NULL	100000	26900	NULL	NULL	0
BMSB2312280124	1	2023-12-28 11:37:10.000	0	0	1		6900		U1801011347010	NULL	1	NULL	10000	3100	NULL	NULL	0
BMSB2312280125	1	2023-12-28 11:38:19.000	0	0	1		11400		U1801011347010	NULL	1	NULL	12500	1100	NULL	NULL	0
BMSB2312280126	1	2023-12-28 11:38:38.000	0	0	1		100		U1801011347010	NULL	1	NULL	100	0	NULL	NULL	0
BMSB2312280127	1	2023-12-28 11:39:12.000	0	0	1		14400		U1801011347010	NULL	1	NULL	50000	35600	NULL	NULL	0
BMSB2312280128	1	2023-12-28 11:40:38.000	0	0	1		69500		U1801011347010	NULL	1	NULL	100000	30500	NULL	NULL	0
BMSB2312280129	1	2023-12-28 11:42:34.000	0	0	1		86700		U1801011347010	NULL	1	NULL	100700	14000	NULL	NULL	0
BMSB2312280130	1	2023-12-28 11:44:31.000	0	0	1		30900		U1801011347010	NULL	1	NULL	50000	19100	NULL	NULL	0
BMSB2312280131	1	2023-12-28 11:45:31.000	0	0	1		12000		U1801011347010	NULL	1	NULL	20000	8000	NULL	NULL	0
BMSB2312280132	1	2023-12-28 11:47:58.000	0	0	1		46000		U1801011347010	NULL	1	NULL	51000	5000	NULL	NULL	0
BMSB2312280133	1	2023-12-28 11:50:55.000	0	0	1		5000		U1801011347010	NULL	1	NULL	5000	0	NULL	NULL	0
BMSB2312280134	1	2023-12-28 11:51:24.000	0	0	1		7000		U1801011347010	NULL	1	NULL	7000	0	NULL	NULL	0
BMSB2312280135	1	2023-12-28 11:52:50.000	0	0	1		126900	QR	U1801011347010	NULL	1	NULL	126900	0	NULL	NULL	0
BMSB2312280136	1	2023-12-28 11:53:22.000	0	0	1		9500		U1801011347010	NULL	1	NULL	10000	500	NULL	NULL	0
BMSB2312280137	1	2023-12-28 11:58:13.000	0	0	1		321400		U1801011347010	NULL	1	NULL	322000	600	NULL	NULL	0
BMSB2312280138	1	2023-12-28 11:59:15.000	0	0	1		21000		U1801011347010	NULL	1	NULL	21000	0	NULL	NULL	0
BMSB2312280139	1	2023-12-28 12:07:13.000	0	0	1		15800		U1801011347010	NULL	1	NULL	50000	34200	NULL	NULL	0
BMSB2312280140	1	2023-12-28 12:10:05.000	0	0	1		61800		U1801011347010	NULL	1	NULL	100000	38200	NULL	NULL	0
BMSB2312280141	1	2023-12-28 12:10:42.000	0	0	1		25500		U1801011347010	NULL	1	NULL	26000	500	NULL	NULL	0
BMSB2312280142	1	2023-12-28 12:11:10.000	0	0	1		32000		U1801011347010	NULL	1	NULL	52000	20000	NULL	NULL	0
BMSB2312280143	1	2023-12-28 12:12:54.000	0	0	1		6500		U1801011347010	NULL	1	NULL	10000	3500	NULL	NULL	0
BMSB2312280144	1	2023-12-28 12:19:02.000	0	0	1		20500		U1801011347010	NULL	1	NULL	20500	0	NULL	NULL	0
BMSB2312280145	1	2023-12-28 12:21:19.000	0	0	1		122900		U1801011347010	NULL	1	NULL	150000	27100	NULL	NULL	0
BMSB2312280146	1	2023-12-28 12:22:06.000	0	0	1		119400		U1801011347010	NULL	1	NULL	150000	30600	NULL	NULL	0
BMSB2312280147	1	2023-12-28 12:22:49.000	0	0	1		44000		U1801011347010	NULL	1	NULL	45000	1000	NULL	NULL	0
BMSB2312280148	1	2023-12-28 12:23:19.000	0	0	1		23500		U1801011347010	NULL	1	NULL	50000	26500	NULL	NULL	0
BMSB2312280149	1	2023-12-28 12:23:55.000	0	0	1		15000		U1801011347010	NULL	1	NULL	20000	5000	NULL	NULL	0
BMSB2312280150	1	2023-12-28 12:24:43.000	0	0	1		2600		U1801011347010	NULL	1	NULL	50000	47400	NULL	NULL	0
BMSB2312280151	1	2023-12-28 12:27:21.000	0	0	1		34000		U1801011347010	NULL	1	NULL	100000	66000	NULL	NULL	0
BMSB2312280152	1	2023-12-28 12:29:49.000	0	0	1		6500		U1801011347010	NULL	1	NULL	6500	0	NULL	NULL	0
BMSB2312280153	1	2023-12-28 12:34:27.000	0	0	1		6400		U1801011347010	NULL	1	NULL	6400	0	NULL	NULL	0
BMSB2312280154	1	2023-12-28 12:35:50.000	0	0	1		57200		U1801011347010	NULL	1	NULL	60000	2800	NULL	NULL	0
BMSB2312280155	1	2023-12-28 12:37:05.000	0	0	1		126400		U1801011347010	NULL	1	NULL	130000	3600	NULL	NULL	0
BMSB2312280156	1	2023-12-28 12:38:05.000	0	0	1		37700		U1801011347010	NULL	1	NULL	39000	1300	NULL	NULL	0
BMSB2312280157	1	2023-12-28 12:38:55.000	0	0	1		39000		U1801011347010	NULL	1	NULL	50000	11000	NULL	NULL	0
BMSB2312280158	1	2023-12-28 12:39:18.000	0	0	1		2000		U1801011347010	NULL	1	NULL	2000	0	NULL	NULL	0
BMSB2312280159	1	2023-12-28 12:39:41.000	0	0	1		7500		U1801011347010	NULL	1	NULL	20000	12500	NULL	NULL	0
BMSB2312280160	1	2023-12-28 12:40:28.000	0	0	1		32000		U1801011347010	NULL	1	NULL	50000	18000	NULL	NULL	0
BMSB2312280161	1	2023-12-28 12:41:38.000	0	0	1		25900		U1801011347010	NULL	1	NULL	100000	74100	NULL	NULL	0
BMSB2312280162	1	2023-12-28 12:42:20.000	0	0	1		11500		U1801011347010	NULL	1	NULL	15000	3500	NULL	NULL	0
BMSB2312280163	1	2023-12-28 12:43:02.000	0	0	1		25000		U1801011347010	NULL	1	NULL	50000	25000	NULL	NULL	0
BMSB2312280164	1	2023-12-28 12:43:32.000	0	0	1		15500		U1801011347010	NULL	1	NULL	20000	4500	NULL	NULL	0
BMSB2312280165	1	2023-12-28 12:43:55.000	0	0	1		2500		U1801011347010	NULL	1	NULL	2500	0	NULL	NULL	0
BMSB2312280166	1	2023-12-28 12:52:32.000	0	0	1		93000		U1801011347010	NULL	1	NULL	100000	7000	NULL	NULL	0
BMSB2312280167	1	2023-12-28 12:53:03.000	0	0	1		11500		U1801011347010	NULL	1	NULL	50000	38500	NULL	NULL	0
BMSB2312280168	1	2023-12-28 12:55:35.000	0	0	1		27000		U1801011347010	NULL	1	NULL	100000	73000	NULL	NULL	0
BMSB2312280169	1	2023-12-28 12:58:27.000	0	0	1		138200		U1801011347010	NULL	1	NULL	200200	62000	NULL	NULL	0
BMSB2312280170	1	2023-12-28 12:58:49.000	0	0	1		2000		U1801011347010	NULL	1	NULL	2000	0	NULL	NULL	0
BMSB2312280171	1	2023-12-28 13:20:48.000	0	0	1		185100		U1801011347010	NULL	1	NULL	190000	4900	NULL	NULL	0
BMSB2312280172	1	2023-12-28 13:21:37.000	0	0	1		15000		U1801011347010	NULL	1	NULL	100000	85000	NULL	NULL	0
BMSB2312280173	1	2023-12-28 13:22:32.000	0	0	1		16000		U1801011347010	NULL	1	NULL	50000	34000	NULL	NULL	0
BMSB2312280174	1	2023-12-28 13:25:39.000	0	0	1		20400		U1801011347010	NULL	1	NULL	20400	0	NULL	NULL	0
BMSB2312280175	1	2023-12-28 13:26:07.000	0	0	1		54000		U1801011347010	NULL	1	NULL	55000	1000	NULL	NULL	0
BMSB2312280176	1	2023-12-28 13:27:50.000	0	0	1		31900		U1801011347010	NULL	1	NULL	100000	68100	NULL	NULL	0
BMSB2312280177	1	2023-12-28 13:28:28.000	0	0	1		37000		U1801011347010	NULL	1	NULL	50000	13000	NULL	NULL	0
BMSB2312280178	1	2023-12-28 13:29:07.000	0	0	1		20900		U1801011347010	NULL	1	NULL	30000	9100	NULL	NULL	0
BMSB2312280179	1	2023-12-28 13:29:43.000	0	0	1		23000		U1801011347010	NULL	1	NULL	24000	1000	NULL	NULL	0
BMSB2312280180	1	2023-12-28 13:32:30.000	0	0	1		373600	MANUAL 	U1801011347010	NULL	1	NULL	373600	0	NULL	NULL	0
BMSB2312280181	1	2023-12-28 13:34:59.000	0	0	1		17900		U1801011347010	NULL	1	NULL	20400	2500	NULL	NULL	0
BMSB2312280182	1	2023-12-28 13:35:31.000	0	0	1		15800		U1801011347010	NULL	1	NULL	50000	34200	NULL	NULL	0
BMSB2312280183	1	2023-12-28 13:36:03.000	0	0	1		93000		U1801011347010	NULL	1	NULL	100000	7000	NULL	NULL	0
BMSB2312280184	1	2023-12-28 13:37:41.000	0	0	1		95700		U1801011347010	NULL	1	NULL	100000	4300	NULL	NULL	0
BMSB2312280185	1	2023-12-28 13:38:27.000	0	0	1		21000		U1801011347010	NULL	1	NULL	100000	79000	NULL	NULL	0
BMSB2312280186	1	2023-12-28 13:40:08.000	0	0	1		65300		U1801011347010	NULL	1	NULL	100300	35000	NULL	NULL	0
BMSB2312280187	1	2023-12-28 13:40:47.000	0	0	1		44500		U1801011347010	NULL	1	NULL	100000	55500	NULL	NULL	0
BMSB2312280188	1	2023-12-28 13:42:59.000	0	0	1		12400		U1801011347010	NULL	1	NULL	20000	7600	NULL	NULL	0
BMSB2312280189	1	2023-12-28 13:46:30.000	0	0	1		21500		U1801011347010	NULL	1	NULL	22000	500	NULL	NULL	0
BMSB2312280190	1	2023-12-28 13:47:12.000	0	0	1		15400		U1801011347010	NULL	1	NULL	20400	5000	NULL	NULL	0
BMSB2312280191	1	2023-12-28 13:49:33.000	0	0	1		62600		U1801011347010	NULL	1	NULL	63000	400	NULL	NULL	0
BMSB2312280192	1	2023-12-28 13:56:33.000	0	0	1		270000	COD 	U1801011347010	NULL	1	NULL	270000	0	NULL	NULL	0
BMSB2312280193	1	2023-12-28 13:57:34.000	0	0	1		22000		U1801011347010	NULL	1	NULL	52000	30000	NULL	NULL	0
BMSB2312280194	1	2023-12-28 14:03:10.000	0	0	1		24000		U1801011347010	NULL	1	NULL	104000	80000	NULL	NULL	0
BMSB2312280195	1	2023-12-28 14:17:01.000	0	0	1		30000		U1801011347010	NULL	1	NULL	30000	0	NULL	NULL	0
BMSB2312280196	1	2023-12-28 14:25:38.000	0	0	1		194300		U1801011347010	NULL	1	NULL	200000	5700	NULL	NULL	0
BMSB2312280197	1	2023-12-28 14:26:34.000	0	0	1		28200		U1801011347010	NULL	1	NULL	50200	22000	NULL	NULL	0
BMSB2312280198	1	2023-12-28 14:29:12.000	0	0	1		138400		U1801011347010	NULL	1	NULL	200000	61600	NULL	NULL	0
BMSB2312280199	1	2023-12-28 14:30:13.000	0	0	1		13000		U1801011347010	NULL	1	NULL	13000	0	NULL	NULL	0
BMSB2312280200	1	2023-12-28 14:31:06.000	0	0	1		70500		U1801011347010	NULL	1	NULL	100000	29500	NULL	NULL	0
BMSB2312280201	1	2023-12-28 14:31:33.000	0	0	1		3000		U1801011347010	NULL	1	NULL	10000	7000	NULL	NULL	0
BMSB2312280202	1	2023-12-28 14:32:34.000	0	0	1		17800		U1801011347010	NULL	1	NULL	18000	200	NULL	NULL	0
BMSB2312280203	1	2023-12-28 14:34:29.000	0	0	1		56500		U1801011347010	NULL	1	NULL	57000	500	NULL	NULL	0
BMSB2312280204	1	2023-12-28 14:36:55.000	0	0	1		41400		U1801011347010	NULL	1	NULL	50000	8600	NULL	NULL	0
BMSB2312280205	1	2023-12-28 14:38:07.000	0	0	1		96700		U1801011347010	NULL	1	NULL	100000	3300	NULL	NULL	0
BMSB2312280206	1	2023-12-28 14:39:25.000	0	0	1		141900		U1801011347010	NULL	1	NULL	200000	58100	NULL	NULL	0
BMSB2312280207	1	2023-12-28 14:40:31.000	0	0	1		16500		U1801011347010	NULL	1	NULL	50000	33500	NULL	NULL	0
BMSB2312280208	1	2023-12-28 14:42:42.000	0	0	1		90500		U1801011347010	NULL	1	NULL	91000	500	NULL	NULL	0
BMSB2312280209	1	2023-12-28 14:43:37.000	0	0	1		16000		U1801011347010	NULL	1	NULL	20000	4000	NULL	NULL	0
BMSB2312280210	1	2023-12-28 14:44:41.000	0	0	1		17900	KEPERLUAN KASIR ULAN 	U1801011347010	NULL	1	NULL	17900	0	NULL	NULL	0
BMSB2312280211	1	2023-12-28 14:45:16.000	0	0	1		5000	KEPERLUAN KASIR 	U1801011347010	NULL	1	NULL	5000	0	NULL	NULL	0
BMSB2312280212	1	2023-12-28 14:46:46.000	0	0	1		82800		U1801011347010	NULL	1	NULL	100000	17200	NULL	NULL	0
BMSB2312280213	1	2023-12-28 14:49:42.000	0	0	1		17900		U1801011347010	NULL	1	NULL	20000	2100	NULL	NULL	0
BMSB2312280214	1	2023-12-28 14:50:58.000	0	0	1		22500		U1801011347010	NULL	1	NULL	25000	2500	NULL	NULL	0
BMSB2312280215	1	2023-12-28 15:01:28.000	0	0	1		17500		U1801011347010	NULL	1	NULL	20000	2500	NULL	NULL	0
BMSB2312280216	1	2023-12-28 15:04:11.000	0	0	1		14500		U1801011347010	NULL	1	NULL	15000	500	NULL	NULL	0
BMSB2312280217	1	2023-12-28 15:05:51.000	0	0	1		54800		U1801011347010	NULL	1	NULL	60000	5200	NULL	NULL	0
BMSB2312280218	1	2023-12-28 15:14:18.000	0	0	1		68500		U1801011347010	NULL	1	NULL	100000	31500	NULL	NULL	0
BMSB2312280219	1	2023-12-28 15:20:29.000	0	0	1		26500		U1801011347010	NULL	1	NULL	50000	23500	NULL	NULL	0
BMSB2312280220	1	2023-12-28 15:21:47.000	0	0	1		102300		U1801011347010	NULL	1	NULL	102500	200	NULL	NULL	0
BMSB2312280221	1	2023-12-28 15:22:09.000	0	0	1		14500		U1801011347010	NULL	1	NULL	20000	5500	NULL	NULL	0
BMSB2312280222	1	2023-12-28 15:24:42.000	0	0	1		87400		U1801011347010	NULL	1	NULL	90000	2600	NULL	NULL	0
BMSB2312280223	1	2023-12-28 15:28:03.000	0	0	1		69600		U1801011347010	NULL	1	NULL	100000	30400	NULL	NULL	0
BMSB2312280224	1	2023-12-28 15:34:17.000	0	0	1		37300		U1801011347010	NULL	1	NULL	100000	62700	NULL	NULL	0
BMSB2312280225	1	2023-12-28 15:34:40.000	0	0	1		32000		U1801011347010	NULL	1	NULL	32000	0	NULL	NULL	0
BMSB2312280226	1	2023-12-28 15:37:10.000	0	0	1		260700		U1801011347010	NULL	1	NULL	270000	9300	NULL	NULL	0
BMSB2312280227	1	2023-12-28 15:37:35.000	0	0	1		79500		U1801011347010	NULL	1	NULL	100000	20500	NULL	NULL	0
BMSB2312280228	1	2023-12-28 15:38:31.000	0	0	1		5000		U1801011347010	NULL	1	NULL	5000	0	NULL	NULL	0
BMSB2312280229	1	2023-12-28 15:39:25.000	0	0	1		53300		U1801011347010	NULL	1	NULL	100000	46700	NULL	NULL	0
BMSB2312280230	1	2023-12-28 15:40:36.000	0	0	1		98700	COD 	U1801011347010	NULL	1	NULL	100000	1300	NULL	NULL	0
BMSB2312280231	1	2023-12-28 15:41:06.000	0	0	1		10000		U1801011347010	NULL	1	NULL	10000	0	NULL	NULL	0
BMSB2312280232	1	2023-12-28 15:41:24.000	0	0	1		3000		U1801011347010	NULL	1	NULL	20000	17000	NULL	NULL	0
BMSB2312280233	1	2023-12-28 15:43:10.000	0	0	1		74400		U1801011347010	NULL	1	NULL	75000	600	NULL	NULL	0
BMSB2312280234	1	2023-12-28 15:43:52.000	0	0	1		5900		U1801011347010	NULL	1	NULL	7000	1100	NULL	NULL	0
BMSB2312280235	1	2023-12-28 15:44:37.000	0	0	1		28000		U1801011347010	NULL	1	NULL	50000	22000	NULL	NULL	0
BMSB2312280236	1	2023-12-28 15:46:54.000	0	0	1		7000		U1801011347010	NULL	1	NULL	50000	43000	NULL	NULL	0
BMSB2312280237	1	2023-12-28 15:47:25.000	0	0	1		13900		U1801011347010	NULL	1	NULL	20000	6100	NULL	NULL	0
BMSB2312280238	1	2023-12-28 15:47:55.000	0	0	1		20700		U1801011347010	NULL	1	NULL	21000	300	NULL	NULL	0
BMSB2312280239	1	2023-12-28 15:50:30.000	0	0	1		35500	QR	U1801011347010	NULL	1	NULL	35500	0	NULL	NULL	0
BMSB2312280240	1	2023-12-28 15:50:49.000	0	0	1		11500		U1801011347010	NULL	1	NULL	12000	500	NULL	NULL	0
BMSB2312280241	1	2023-12-28 15:51:30.000	0	0	1		5500		U1801011347010	NULL	1	NULL	50000	44500	NULL	NULL	0
BMSB2312280242	1	2023-12-28 15:53:19.000	0	0	1		10000		U1801011347010	NULL	1	NULL	10000	0	NULL	NULL	0
BMSB2312280243	1	2023-12-28 15:54:07.000	0	0	1		6000		U1801011347010	NULL	1	NULL	20000	14000	NULL	NULL	0
BMSB2312280244	1	2023-12-28 15:57:39.000	0	0	1		15000		U1801011347010	NULL	1	NULL	100000	85000	NULL	NULL	0
BMSB2312280245	1	2023-12-28 15:58:28.000	0	0	1		11900		U1801011347010	NULL	1	NULL	12000	100	NULL	NULL	0
BMSB2312280246	1	2023-12-28 15:59:11.000	0	0	1		67900		U1801011347010	NULL	1	NULL	70000	2100	NULL	NULL	0
BMSB2312280247	1	2023-12-28 15:59:40.000	0	0	1		7900		U1801011347010	NULL	1	NULL	8000	100	NULL	NULL	0
BMSB2312280248	1	2023-12-28 16:01:12.000	0	0	1		24000		U1801011347010	NULL	1	NULL	25000	1000	NULL	NULL	0
BMSB2312280249	1	2023-12-28 16:02:00.000	0	0	1		16900		U1801011347010	NULL	1	NULL	50000	33100	NULL	NULL	0
BMSB2312280250	1	2023-12-28 16:02:18.000	0	0	1		7500		U1801011347010	NULL	1	NULL	7500	0	NULL	NULL	0
BMSB2312280251	1	2023-12-28 16:03:56.000	0	0	1		87100		U1801011347010	NULL	1	NULL	100000	12900	NULL	NULL	0
BMSB2312280252	1	2023-12-28 16:05:29.000	0	0	1		7900		U1801011347010	NULL	1	NULL	50000	42100	NULL	NULL	0
BMSB2312280253	1	2023-12-28 16:06:23.000	0	0	1		14900		U1801011347010	NULL	1	NULL	20000	5100	NULL	NULL	0
BMSB2312280254	1	2023-12-28 16:14:10.000	0	0	1		75700		U1801011347010	NULL	1	NULL	100000	24300	NULL	NULL	0
BMSB2312280255	1	2023-12-28 16:14:47.000	0	0	1		13500		U1801011347010	NULL	1	NULL	20000	6500	NULL	NULL	0
BMSB2312280256	1	2023-12-28 16:15:22.000	0	0	1		3000		U1801011347010	NULL	1	NULL	3000	0	NULL	NULL	0
BMSB2312280257	1	2023-12-28 16:16:34.000	0	0	1		7800		U1801011347010	NULL	1	NULL	7800	0	NULL	NULL	0
BMSB2312280258	1	2023-12-28 16:17:53.000	0	0	1		50000		U1801011347010	NULL	1	NULL	50000	0	NULL	NULL	0
BMSB2312280259	1	2023-12-28 16:18:41.000	0	0	1		2500		U1801011347010	NULL	1	NULL	2500	0	NULL	NULL	0
BMSB2312280260	1	2023-12-28 16:19:04.000	0	0	1		3500		U1801011347010	NULL	1	NULL	5000	1500	NULL	NULL	0
BMSB2312280261	1	2023-12-28 16:19:47.000	0	0	1		18800		U1801011347010	NULL	1	NULL	100000	81200	NULL	NULL	0
BMSB2312280262	1	2023-12-28 16:20:14.000	0	0	1		13300		U1801011347010	NULL	1	NULL	20000	6700	NULL	NULL	0
BMSB2312280263	1	2023-12-28 16:21:43.000	0	0	1		26400		U1801011347010	NULL	1	NULL	50000	23600	NULL	NULL	0
BMSB2312280264	1	2023-12-28 16:22:02.000	0	0	1		21500		U1801011347010	NULL	1	NULL	22500	1000	NULL	NULL	0
BMSB2312280265	1	2023-12-28 16:23:31.000	0	0	1		32400		U1801011347010	NULL	1	NULL	40000	7600	NULL	NULL	0
BMSB2312280266	1	2023-12-28 16:24:40.000	0	0	1		64400		U1801011347010	NULL	1	NULL	65000	600	NULL	NULL	0
BMSB2312280267	1	2023-12-28 16:27:29.000	0	0	1		34900		U1801011347010	NULL	1	NULL	50000	15100	NULL	NULL	0
BMSB2312280268	1	2023-12-28 16:30:58.000	0	0	1		17300		U1801011347010	NULL	1	NULL	50000	32700	NULL	NULL	0
BMSB2312280269	1	2023-12-28 16:31:28.000	0	0	1		3500		U1801011347010	NULL	1	NULL	3500	0	NULL	NULL	0
BMSB2312280270	1	2023-12-28 16:33:35.000	0	0	1		42000		U1801011347010	NULL	1	NULL	52000	10000	NULL	NULL	0
BMSB2312280271	1	2023-12-28 16:34:49.000	0	0	1		32000		U1801011347010	NULL	1	NULL	32000	0	NULL	NULL	0
BMSB2312280272	1	2023-12-28 16:35:25.000	0	0	1		42500		U1801011347010	NULL	1	NULL	50500	8000	NULL	NULL	0
BMSB2312280273	1	2023-12-28 16:37:32.000	0	0	1		35500		U1801011347010	NULL	1	NULL	50000	14500	NULL	NULL	0
BMSB2312280274	1	2023-12-28 16:39:00.000	0	0	1		65400		U1801011347010	NULL	1	NULL	100000	34600	NULL	NULL	0
BMSB2312280275	1	2023-12-28 16:39:54.000	0	0	1		42600		U1801011347010	NULL	1	NULL	50000	7400	NULL	NULL	0
BMSB2312280276	1	2023-12-28 16:42:19.000	0	0	1		138200		U1801011347010	NULL	1	NULL	150000	11800	NULL	NULL	0
BMSB2312280277	1	2023-12-28 16:42:46.000	0	0	1		9900		U1801011347010	NULL	1	NULL	10000	100	NULL	NULL	0
BMSB2312280278	1	2023-12-28 16:43:21.000	0	0	1		10000		U1801011347010	NULL	1	NULL	10000	0	NULL	NULL	0
BMSB2312280279	1	2023-12-28 16:43:51.000	0	0	1		5500		U1801011347010	NULL	1	NULL	10500	5000	NULL	NULL	0
BMSB2312280280	1	2023-12-28 16:47:23.000	0	0	1		230500		U1801011347010	NULL	1	NULL	232000	1500	NULL	NULL	0
BMSB2312280281	1	2023-12-28 16:48:13.000	0	0	1		19400		U1801011347010	NULL	1	NULL	50000	30600	NULL	NULL	0
BMSB2312280282	1	2023-12-28 16:49:41.000	0	0	1		42800		U1801011347010	NULL	1	NULL	42800	-42800	NULL	NULL	0
BMSB2312280283	1	2023-12-28 16:50:25.000	0	0	1		41400		U1801011347010	NULL	1	NULL	100000	58600	NULL	NULL	0
BMSB2312280284	1	2023-12-28 16:52:30.000	0	0	1		84200		U1801011347010	NULL	1	NULL	100000	15800	NULL	NULL	0
BMSB2312280285	1	2023-12-28 16:53:45.000	0	0	1		55600		U1801011347010	NULL	1	NULL	100000	44400	NULL	NULL	0
BMSB2312280286	1	2023-12-28 16:54:20.000	0	0	1		43500		U1801011347010	NULL	1	NULL	50000	6500	NULL	NULL	0
BMSB2312280287	1	2023-12-28 16:55:24.000	0	0	1		40400		U1801011347010	NULL	1	NULL	45000	4600	NULL	NULL	0
BMSB2312280288	1	2023-12-28 16:56:52.000	0	0	1		311500		U1801011347010	NULL	1	NULL	400000	88500	NULL	NULL	0
BMSB2312280289	1	2023-12-28 16:57:40.000	0	0	1		58500		U1801011347010	NULL	1	NULL	60000	1500	NULL	NULL	0
BMSB2312280290	1	2023-12-28 17:00:47.000	0	0	1		106700		U1801011347010	NULL	1	NULL	107000	300	NULL	NULL	0
BMSB2312280291	1	2023-12-28 17:01:20.000	0	0	1		8500		U1801011347010	NULL	1	NULL	9000	500	NULL	NULL	0
BMSB2312280292	1	2023-12-28 17:01:45.000	0	0	1		16900		U1801011347010	NULL	1	NULL	20000	3100	NULL	NULL	0
BMSB2312280293	1	2023-12-28 17:03:26.000	0	0	1		50500		U1801011347010	NULL	1	NULL	50500	0	NULL	NULL	0
BMSB2312280294	1	2023-12-28 17:04:11.000	0	0	1		83500		U1801011347010	NULL	1	NULL	100000	16500	NULL	NULL	0
BMSB2312280295	1	2023-12-28 17:06:00.000	0	0	1		9800		U1801011347010	NULL	1	NULL	50000	40200	NULL	NULL	0
BMSB2312280296	1	2023-12-28 17:06:23.000	0	0	1		4500		U1801011347010	NULL	1	NULL	6000	1500	NULL	NULL	0
BMSB2312280297	1	2023-12-28 17:07:09.000	0	0	1		29500		U1801011347010	NULL	1	NULL	100000	70500	NULL	NULL	0
BMSB2312280298	1	2023-12-28 17:07:33.000	0	0	1		4500		U1801011347010	NULL	1	NULL	5000	500	NULL	NULL	0
BMSB2312280299	1	2023-12-28 17:08:32.000	0	0	1		7400		U1801011347010	NULL	1	NULL	10000	2600	NULL	NULL	0
BMSB2312280300	1	2023-12-28 17:10:27.000	0	0	1		4000		U1801011347010	NULL	1	NULL	4000	0	NULL	NULL	0
BMSB2312280301	1	2023-12-28 17:11:34.000	0	0	1		14000		U1801011347010	NULL	1	NULL	15000	1000	NULL	NULL	0
BMSB2312280302	1	2023-12-28 17:15:31.000	0	0	1		69000		U1801011347010	NULL	1	NULL	120000	51000	NULL	NULL	0
BMSB2312280303	1	2023-12-28 17:18:51.000	0	0	1		166800	MARTABAK 	U1801011347010	NULL	1	NULL	200000	33200	NULL	NULL	0
BMSB2312280304	1	2023-12-28 17:44:59.000	0	0	1		34400		U2002141628140	NULL	1	NULL	34400	0	NULL	NULL	0
BMSB2312280305	1	2023-12-28 17:53:42.000	0	0	1		270400	qr perna 	U2002141628140	NULL	1	NULL	270400	0	NULL	NULL	0
BMSB2312280306	1	2023-12-28 17:55:15.000	0	0	1		75400		U2002141628140	NULL	1	NULL	100000	24600	NULL	NULL	0
BMSB2312280307	1	2023-12-28 17:56:00.000	0	0	1		15000		U2002141628140	NULL	1	NULL	15000	0	NULL	NULL	0
BMSB2312280308	1	2023-12-28 17:57:45.000	0	0	1		9800		U2002141628140	NULL	1	NULL	10000	200	NULL	NULL	0
BMSB2312280309	1	2023-12-28 18:00:41.000	0	0	1		188400		U2002141628140	NULL	1	NULL	200000	11600	NULL	NULL	0
BMSB2312280310	1	2023-12-28 18:02:56.000	0	0	1		71000		U2002141628140	NULL	1	NULL	100000	29000	NULL	NULL	0
BMSB2312280311	1	2023-12-28 18:07:24.000	0	0	1		71800	edc bsi perna 	U2002141628140	NULL	1	NULL	71800	0	NULL	NULL	0
BMSB2312280312	1	2023-12-28 18:09:10.000	0	0	1		47200		U2002141628140	NULL	1	NULL	50000	2800	NULL	NULL	0
BMSB2312280313	1	2023-12-28 18:13:01.000	0	0	1		20500		U2002141628140	NULL	1	NULL	50500	30000	NULL	NULL	0
BMSB2312280314	1	2023-12-28 18:13:48.000	0	0	1		5900		U2002141628140	NULL	1	NULL	20000	14100	NULL	NULL	0
BMSB2312280315	1	2023-12-28 18:17:59.000	0	0	1		126500		U2002141628140	NULL	1	NULL	150000	23500	NULL	NULL	0
BMSB2312280316	1	2023-12-28 18:21:09.000	0	0	1		125000		U2002141628140	NULL	1	NULL	150000	25000	NULL	NULL	0
BMSB2312280317	1	2023-12-28 18:22:12.000	0	0	1		32500		U2002141628140	NULL	1	NULL	50000	17500	NULL	NULL	0
BMSB2312280318	1	2023-12-28 18:25:39.000	0	0	1		2900		U2002141628140	NULL	1	NULL	3000	100	NULL	NULL	0
BMSB2312280319	1	2023-12-28 18:26:01.000	0	0	1		2500		U2002141628140	NULL	1	NULL	4000	1500	NULL	NULL	0
BMSB2312280320	1	2023-12-28 18:27:46.000	0	0	1		51700		U2002141628140	NULL	1	NULL	52000	300	NULL	NULL	0
BMSB2312280321	1	2023-12-28 18:28:35.000	0	0	1		2500		U2002141628140	NULL	1	NULL	5000	2500	NULL	NULL	0
BMSB2312280322	1	2023-12-28 18:29:31.000	0	0	1		31800		U2002141628140	NULL	1	NULL	35000	3200	NULL	NULL	0
BMSB2312280323	1	2023-12-28 18:30:29.000	0	0	1		7500		U2002141628140	NULL	1	NULL	20000	12500	NULL	NULL	0
BMSB2312280324	1	2023-12-28 18:31:09.000	0	0	1		32800		U2002141628140	NULL	1	NULL	50000	17200	NULL	NULL	0
BMSB2312280325	1	2023-12-28 18:31:42.000	0	0	1		32000		U2002141628140	NULL	1	NULL	35000	3000	NULL	NULL	0
BMSB2312280326	1	2023-12-28 18:32:37.000	0	0	1		3000		U2002141628140	NULL	1	NULL	5000	2000	NULL	NULL	0
BMSB2312280327	1	2023-12-28 18:40:27.000	0	0	1		38400		U2002141628140	NULL	1	NULL	50000	11600	NULL	NULL	0
BMSB2312280328	1	2023-12-28 18:40:53.000	0	0	1		8900		U2002141628140	NULL	1	NULL	50000	41100	NULL	NULL	0
BMSB2312280329	1	2023-12-28 18:41:49.000	0	0	1		63800		U2002141628140	NULL	1	NULL	64000	200	NULL	NULL	0
BMSB2312280330	1	2023-12-28 18:44:12.000	0	0	1		2500		U2002141628140	NULL	1	NULL	50000	47500	NULL	NULL	0
BMSB2312280331	1	2023-12-28 18:44:50.000	0	0	1		24900		U2002141628140	NULL	1	NULL	100000	75100	NULL	NULL	0
BMSB2312280332	1	2023-12-28 18:45:20.000	0	0	1		46500		U2002141628140	NULL	1	NULL	50000	3500	NULL	NULL	0
BMSB2312280333	1	2023-12-28 18:48:20.000	0	0	1		10700		U2002141628140	NULL	1	NULL	12000	1300	NULL	NULL	0
BMSB2312280334	1	2023-12-28 18:50:58.000	0	0	1		38800		U2002141628140	NULL	1	NULL	50000	11200	NULL	NULL	0
BMSB2312280335	1	2023-12-28 18:53:47.000	0	0	1		5900		U2002141628140	NULL	1	NULL	6000	100	NULL	NULL	0
BMSB2312280336	1	2023-12-28 18:54:22.000	0	0	1		16500		U2002141628140	NULL	1	NULL	50000	33500	NULL	NULL	0
BMSB2312280337	1	2023-12-28 18:56:48.000	0	0	1		36000		U2002141628140	NULL	1	NULL	36000	0	NULL	NULL	0
BMSB2312280338	1	2023-12-28 18:57:52.000	0	0	1		18700		U2002141628140	NULL	1	NULL	50000	31300	NULL	NULL	0
BMSB2312280339	1	2023-12-28 19:00:10.000	0	0	1		17500		U2002141628140	NULL	1	NULL	20000	2500	NULL	NULL	0
BMSB2312280340	1	2023-12-28 19:01:02.000	0	0	1		51200		U2002141628140	NULL	1	NULL	100000	48800	NULL	NULL	0
BMSB2312280341	1	2023-12-28 19:08:22.000	0	0	1		44100		U2002141628140	NULL	1	NULL	100000	55900	NULL	NULL	0
BMSB2312280342	1	2023-12-28 19:13:58.000	0	0	1		454200	tebus murah 12.000 perna 	U2002141628140	NULL	1	NULL	454200	0	NULL	NULL	0
BMSB2312280343	1	2023-12-28 19:14:37.000	0	0	1		16900	tebus murah 12.000 perna 	U2002141628140	NULL	1	NULL	16900	0	NULL	NULL	0
BMSB2312280344	1	2023-12-28 19:16:36.000	0	0	1		6000		U2002141628140	NULL	1	NULL	10000	4000	NULL	NULL	0
BMSB2312280345	1	2023-12-28 19:17:25.000	0	0	1		14400		U2002141628140	NULL	1	NULL	15000	600	NULL	NULL	0
BMSB2312280346	1	2023-12-28 19:17:54.000	0	0	1		11900		U2002141628140	NULL	1	NULL	20000	8100	NULL	NULL	0
BMSB2312280347	1	2023-12-28 19:18:33.000	0	0	1		28000		U2002141628140	NULL	1	NULL	100000	72000	NULL	NULL	0
BMSB2312280348	1	2023-12-28 19:20:41.000	0	0	1		48900		U2002141628140	NULL	1	NULL	50000	1100	NULL	NULL	0
BMSB2312280349	1	2023-12-28 19:22:02.000	0	0	1		65700		U2002141628140	NULL	1	NULL	70000	4300	NULL	NULL	0
BMSB2312280350	1	2023-12-28 19:22:29.000	0	0	1		32000		U2002141628140	NULL	1	NULL	50000	18000	NULL	NULL	0
BMSB2312280351	1	2023-12-28 19:25:50.000	0	0	1		6900		U2002141628140	NULL	1	NULL	10000	3100	NULL	NULL	0
BMSB2312280352	1	2023-12-28 19:26:41.000	0	0	1		10000		U2002141628140	NULL	1	NULL	10000	0	NULL	NULL	0
BMSB2312280353	1	2023-12-28 19:28:15.000	0	0	1		30000		U2002141628140	NULL	1	NULL	40000	10000	NULL	NULL	0
BMSB2312280354	1	2023-12-28 19:32:45.000	0	0	1		22000		U2002141628140	NULL	1	NULL	50000	28000	NULL	NULL	0
BMSB2312280355	1	2023-12-28 19:33:46.000	0	0	1		80400		U2002141628140	NULL	1	NULL	100000	19600	NULL	NULL	0
BMSB2312280356	1	2023-12-28 19:36:47.000	0	0	1		78300		U2002141628140	NULL	1	NULL	100000	21700	NULL	NULL	0
BMSB2312280357	1	2023-12-28 19:37:28.000	0	0	1		28900		U2002141628140	NULL	1	NULL	50000	21100	NULL	NULL	0
BMSB2312280358	1	2023-12-28 19:38:06.000	0	0	1		11500		U2002141628140	NULL	1	NULL	20000	8500	NULL	NULL	0
BMSB2312280359	1	2023-12-28 19:42:27.000	0	0	1		26300		U2002141628140	NULL	1	NULL	50000	23700	NULL	NULL	0
BMSB2312280360	1	2023-12-28 19:45:16.000	0	0	1		117900		U2002141628140	NULL	1	NULL	118000	100	NULL	NULL	0
BMSB2312280361	1	2023-12-28 19:45:59.000	0	0	1		23800		U2002141628140	NULL	1	NULL	100000	76200	NULL	NULL	0
BMSB2312280362	1	2023-12-28 19:49:32.000	0	0	1		51200		U2002141628140	NULL	1	NULL	100000	48800	NULL	NULL	0
BMSB2312280363	1	2023-12-28 19:50:55.000	0	0	1		30400		U2002141628140	NULL	1	NULL	30500	100	NULL	NULL	0
BMSB2312280364	1	2023-12-28 19:51:27.000	0	0	1		6500		U2002141628140	NULL	1	NULL	7000	500	NULL	NULL	0
BMSB2312280365	1	2023-12-28 19:54:18.000	0	0	1		98000		U2002141628140	NULL	1	NULL	98000	0	NULL	NULL	0
BMSB2312280366	1	2023-12-28 19:57:18.000	0	0	1		76800		U2002141628140	NULL	1	NULL	77000	200	NULL	NULL	0
BMSB2312280367	1	2023-12-28 19:59:34.000	0	0	1		52500		U2002141628140	NULL	1	NULL	102500	50000	NULL	NULL	0
BMSB2312280368	1	2023-12-28 20:01:27.000	0	0	1		66500		U2002141628140	NULL	1	NULL	100000	33500	NULL	NULL	0
BMSB2312280369	1	2023-12-28 20:02:42.000	0	0	1		6900		U2002141628140	NULL	1	NULL	20000	13100	NULL	NULL	0
BMSB2312280370	1	2023-12-28 20:04:30.000	0	0	1		54300		U2002141628140	NULL	1	NULL	100000	45700	NULL	NULL	0
BMSB2312280371	1	2023-12-28 20:07:04.000	0	0	1		7900		U2002141628140	NULL	1	NULL	8000	100	NULL	NULL	0
BMSB2312280372	1	2023-12-28 20:08:40.000	0	0	1		63900		U2002141628140	NULL	1	NULL	64000	100	NULL	NULL	0
BMSB2312280373	1	2023-12-28 20:09:23.000	0	0	1		27000		U2002141628140	NULL	1	NULL	100000	73000	NULL	NULL	0
BMSB2312280374	1	2023-12-28 20:10:02.000	0	0	1		3000		U2002141628140	NULL	1	NULL	3000	0	NULL	NULL	0
BMSB2312280375	1	2023-12-28 20:11:05.000	0	0	1		31500		U2002141628140	NULL	1	NULL	50000	18500	NULL	NULL	0
BMSB2312280376	1	2023-12-28 20:12:14.000	0	0	1		63900		U2002141628140	NULL	1	NULL	100000	36100	NULL	NULL	0
BMSB2312280377	1	2023-12-28 20:13:31.000	0	0	1		46400		U2002141628140	NULL	1	NULL	50000	3600	NULL	NULL	0
BMSB2312280378	1	2023-12-28 20:13:57.000	0	0	1		4500		U2002141628140	NULL	1	NULL	4500	0	NULL	NULL	0
BMSB2312280379	1	2023-12-28 20:14:42.000	0	0	1		7000		U2002141628140	NULL	1	NULL	10000	3000	NULL	NULL	0
BMSB2312280380	1	2023-12-28 20:19:17.000	0	0	1		3500		U2002141628140	NULL	1	NULL	5000	1500	NULL	NULL	0
BMSB2312280381	1	2023-12-28 20:20:43.000	0	0	1		22400		U2002141628140	NULL	1	NULL	25000	2600	NULL	NULL	0
BMSB2312280382	1	2023-12-28 20:21:33.000	0	0	1		4900		U2002141628140	NULL	1	NULL	5000	100	NULL	NULL	0
BMSB2312280383	1	2023-12-28 20:21:59.000	0	0	1		24000		U2002141628140	NULL	1	NULL	24000	0	NULL	NULL	0
BMSB2312280384	1	2023-12-28 20:23:28.000	0	0	1		2000		U2002141628140	NULL	1	NULL	2000	0	NULL	NULL	0
BMSB2312280385	1	2023-12-28 20:24:08.000	0	0	1		3900		U2002141628140	NULL	1	NULL	4000	100	NULL	NULL	0
BMSB2312280386	1	2023-12-28 20:25:52.000	0	0	1		12000		U2002141628140	NULL	1	NULL	12000	0	NULL	NULL	0
BMSB2312280387	1	2023-12-28 20:26:38.000	0	0	1		12900		U2002141628140	NULL	1	NULL	15000	2100	NULL	NULL	0
BMSB2312280388	1	2023-12-28 20:28:33.000	0	0	1		5500		U2002141628140	NULL	1	NULL	10500	5000	NULL	NULL	0
BMSB2312280389	1	2023-12-28 20:29:18.000	0	0	1		19900		U2002141628140	NULL	1	NULL	20000	100	NULL	NULL	0
BMSB2312280390	1	2023-12-28 20:29:48.000	0	0	1		19500		U2002141628140	NULL	1	NULL	20000	500	NULL	NULL	0
BMSB2312280391	1	2023-12-28 20:33:18.000	0	0	1		191500		U2002141628140	NULL	1	NULL	202000	10500	NULL	NULL	0
BMSB2312280392	1	2023-12-28 20:34:44.000	0	0	1		25500		U2002141628140	NULL	1	NULL	50500	25000	NULL	NULL	0
BMSB2312280393	1	2023-12-28 20:35:49.000	0	0	1		42000		U2002141628140	NULL	1	NULL	42000	0	NULL	NULL	0
BMSB2312280394	1	2023-12-28 20:38:44.000	0	0	1		20800		U2002141628140	NULL	1	NULL	21000	200	NULL	NULL	0
BMSB2312280395	1	2023-12-28 20:40:13.000	0	0	1		45500		U2002141628140	NULL	1	NULL	50500	5000	NULL	NULL	0
BMSB2312280396	1	2023-12-28 20:44:34.000	0	0	1		81900		U2002141628140	NULL	1	NULL	82000	100	NULL	NULL	0
BMSB2312280397	1	2023-12-28 20:45:54.000	0	0	1		316000		U2002141628140	NULL	1	NULL	320000	4000	NULL	NULL	0
BMSB2312280398	1	2023-12-28 20:47:14.000	0	0	1		139400		U2002141628140	NULL	1	NULL	150000	10600	NULL	NULL	0
BMSB2312280399	1	2023-12-28 20:51:45.000	0	0	1		17500		U2002141628140	NULL	1	NULL	50500	33000	NULL	NULL	0
BMSB2312280400	1	2023-12-28 20:53:22.000	0	0	1		13900		U2002141628140	NULL	1	NULL	100000	86100	NULL	NULL	0
BMSB2312280401	1	2023-12-28 20:57:51.000	0	0	1		229800		U2002141628140	NULL	1	NULL	300000	70200	NULL	NULL	0
BMSB2312280402	1	2023-12-28 20:59:24.000	0	0	1		64100		U2002141628140	NULL	1	NULL	65000	900	NULL	NULL	0
BMSB2312280403	1	2023-12-28 21:00:54.000	0	0	1		80200		U2002141628140	NULL	1	NULL	100000	19800	NULL	NULL	0
BMSB2312280404	1	2023-12-28 21:01:43.000	0	0	1		11900		U2002141628140	NULL	1	NULL	50000	38100	NULL	NULL	0
BMSB2312280405	1	2023-12-28 21:02:39.000	0	0	1		50200		U2002141628140	NULL	1	NULL	51000	800	NULL	NULL	0
BMSB2312280406	1	2023-12-28 21:04:54.000	0	0	1		26000		U2002141628140	NULL	1	NULL	30000	4000	NULL	NULL	0
BMSB2312280407	1	2023-12-28 21:06:50.000	0	0	1		131400		U2002141628140	NULL	1	NULL	150000	18600	NULL	NULL	0
BMSB2312280408	1	2023-12-28 21:09:06.000	0	0	1		7500		U2002141628140	NULL	1	NULL	20000	12500	NULL	NULL	0
BMSB2312280409	1	2023-12-28 21:10:04.000	0	0	1		56700		U2002141628140	NULL	1	NULL	60000	3300	NULL	NULL	0
BMSB2312280410	1	2023-12-28 21:13:25.000	0	0	1		101900		U2002141628140	NULL	1	NULL	102000	100	NULL	NULL	0
BMSB2312280411	1	2023-12-28 21:13:57.000	0	0	1		35400		U2002141628140	NULL	1	NULL	50000	14600	NULL	NULL	0
BMSB2312280412	1	2023-12-28 21:15:16.000	0	0	1		31500		U2002141628140	NULL	1	NULL	32000	500	NULL	NULL	0
BMSB2312280413	1	2023-12-28 21:16:14.000	0	0	1		34500		U2002141628140	NULL	1	NULL	50000	15500	NULL	NULL	0
BMSB2312280414	1	2023-12-28 21:16:41.000	0	0	1		11900		U2002141628140	NULL	1	NULL	50000	38100	NULL	NULL	0
BMSB2312280415	1	2023-12-28 21:18:05.000	0	0	1		13900		U2002141628140	NULL	1	NULL	14000	100	NULL	NULL	0
BMSB2312280416	1	2023-12-28 21:18:41.000	0	0	1		7500		U2002141628140	NULL	1	NULL	8000	500	NULL	NULL	0
BMSB2312280417	1	2023-12-28 21:21:47.000	0	0	1		91500		U2002141628140	NULL	1	NULL	100000	8500	NULL	NULL	0
BMSB2312280418	1	2023-12-28 21:23:23.000	0	0	1		110700		U2002141628140	NULL	1	NULL	150000	39300	NULL	NULL	0
BMSB2312280419	1	2023-12-28 21:24:01.000	0	0	1		27000		U2002141628140	NULL	1	NULL	50000	23000	NULL	NULL	0
BMSB2312280420	1	2023-12-28 21:25:23.000	0	0	1		10500		U2002141628140	NULL	1	NULL	11000	500	NULL	NULL	0
BMSB2312280421	1	2023-12-28 21:27:14.000	0	0	1		29000		U2002141628140	NULL	1	NULL	50000	21000	NULL	NULL	0
BMSB2312280422	1	2023-12-28 21:30:09.000	0	0	1		5000		U2002141628140	NULL	1	NULL	5000	0	NULL	NULL	0
BMSB2312280423	1	2023-12-28 21:34:16.000	0	0	1		89500	qr perna 	U2002141628140	NULL	1	NULL	89500	0	NULL	NULL	0
BMSB2312280424	1	2023-12-28 21:35:31.000	0	0	1		17000		U2002141628140	NULL	1	NULL	50000	33000	NULL	NULL	0
BMSB2312280425	1	2023-12-28 21:39:00.000	0	0	1		14100		U2002141628140	NULL	1	NULL	20000	5900	NULL	NULL	0
BMSB2312280426	1	2023-12-28 21:40:52.000	0	0	1		116000		U2002141628140	NULL	1	NULL	150000	34000	NULL	NULL	0
BMSB2312280427	1	2023-12-28 21:41:52.000	0	0	1		44500		U2002141628140	NULL	1	NULL	50000	5500	NULL	NULL	0
BMSB2312280428	1	2023-12-28 21:42:26.000	0	0	1		13500		U2002141628140	NULL	1	NULL	15000	1500	NULL	NULL	0
BMSB2312280429	1	2023-12-28 21:45:05.000	0	0	1		68900		U2002141628140	NULL	1	NULL	70000	1100	NULL	NULL	0
BMSB2312280430	1	2023-12-28 21:46:11.000	0	0	1		33000		U2002141628140	NULL	1	NULL	53000	20000	NULL	NULL	0
BMSB2312280431	1	2023-12-28 21:47:32.000	0	0	1		97600		U2002141628140	NULL	1	NULL	100000	2400	NULL	NULL	0
BMSB2312280432	1	2023-12-28 21:48:11.000	0	0	1		15000		U2002141628140	NULL	1	NULL	15000	0	NULL	NULL	0
BMSB2312280433	1	2023-12-28 21:50:31.000	0	0	1		40500		U2002141628140	NULL	1	NULL	40500	0	NULL	NULL	0
BMSB2312280434	1	2023-12-28 21:52:13.000	0	0	1		52300		U2002141628140	NULL	1	NULL	52300	0	NULL	NULL	0
BMSB2312280435	1	2023-12-28 21:53:39.000	0	0	1		49200		U2002141628140	NULL	1	NULL	50000	800	NULL	NULL	0
BMSB2312280436	1	2023-12-28 21:54:53.000	0	0	1		88400		U2002141628140	NULL	1	NULL	100000	11600	NULL	NULL	0
BMSB2312280437	1	2023-12-28 21:55:26.000	0	0	1		5800		U2002141628140	NULL	1	NULL	10000	4200	NULL	NULL	0
BMSB2312280438	1	2023-12-28 21:57:27.000	0	0	1		68500		U2002141628140	NULL	1	NULL	70000	1500	NULL	NULL	0
BMSB2312290001	1	2023-12-29 07:52:42.000	0	0	1		46500		U1801090206090	NULL	1	NULL	50000	3500	NULL	NULL	0
BMSB2312290002	1	2023-12-29 07:53:49.000	0	0	1		42500		U1801090206090	NULL	1	NULL	50000	7500	NULL	NULL	0
BMSB2312290003	1	2023-12-29 07:57:55.000	0	0	1		6500		U1801090206090	NULL	1	NULL	20000	13500	NULL	NULL	0
BMSB2312290004	1	2023-12-29 08:00:26.000	0	0	1		17500		U1801090206090	NULL	1	NULL	20000	2500	NULL	NULL	0
BMSB2312290005	1	2023-12-29 08:01:59.000	0	0	1		20000		U1801090206090	NULL	1	NULL	20000	0	NULL	NULL	0
BMSB2312290006	1	2023-12-29 08:05:08.000	0	0	1		108200		U1801090206090	NULL	1	NULL	110000	1800	NULL	NULL	0
BMSB2312290007	1	2023-12-29 08:09:05.000	0	0	1		50000		U1801090206090	NULL	1	NULL	50000	0	NULL	NULL	0
BMSB2312290008	1	2023-12-29 08:10:23.000	0	0	1		55800		U1801090206090	NULL	1	NULL	60000	4200	NULL	NULL	0
BMSB2312290009	1	2023-12-29 08:11:27.000	0	0	1		35000		U1801090206090	NULL	1	NULL	35000	0	NULL	NULL	0
BMSB2312290010	1	2023-12-29 08:14:47.000	0	0	1		67000		U1801090206090	NULL	1	NULL	70000	3000	NULL	NULL	0
BMSB2312290011	1	2023-12-29 08:18:29.000	0	0	1		6000		U1801090206090	NULL	1	NULL	50000	44000	NULL	NULL	0
BMSB2312290012	1	2023-12-29 08:21:25.000	0	0	1		63500		U1801090206090	NULL	1	NULL	100000	36500	NULL	NULL	0
BMSB2312290013	1	2023-12-29 08:22:53.000	0	0	1		57700		U1801090206090	NULL	1	NULL	100000	42300	NULL	NULL	0
BMSB2312290014	1	2023-12-29 08:23:38.000	0	0	1		10000		U1801090206090	NULL	1	NULL	20000	10000	NULL	NULL	0
BMSB2312290015	1	2023-12-29 08:25:36.000	0	0	1		29000		U1801090206090	NULL	1	NULL	50000	21000	NULL	NULL	0
BMSB2312290016	1	2023-12-29 08:28:06.000	0	0	1		4500		U1801090206090	NULL	1	NULL	5000	500	NULL	NULL	0
BMSB2312290017	1	2023-12-29 08:29:46.000	0	0	1		8000		U1801090206090	NULL	1	NULL	100000	92000	NULL	NULL	0
BMSB2312290018	1	2023-12-29 08:30:36.000	0	0	1		2500		U1801090206090	NULL	1	NULL	25000	22500	NULL	NULL	0
BMSB2312290019	1	2023-12-29 08:34:01.000	0	0	1		75000		U1801090206090	NULL	1	NULL	75000	0	NULL	NULL	0
BMSB2312290020	1	2023-12-29 08:36:44.000	0	0	1		116200	tebus murah 6.000	U1801090206090	NULL	1	NULL	116200	0	NULL	NULL	0
BMSB2312290021	1	2023-12-29 08:36:56.000	0	0	1		9900	tebus murah 6.000	U1801090206090	NULL	1	NULL	9900	0	NULL	NULL	0
BMSB2312290022	1	2023-12-29 08:39:20.000	0	0	1		22900		U1801090206090	NULL	1	NULL	50000	27100	NULL	NULL	0
BMSB2312290023	1	2023-12-29 08:43:16.000	0	0	1		4200		U1801090206090	NULL	1	NULL	4200	0	NULL	NULL	0
